frame,cam_id,class_id,object_id,u,v,w,h
4,cam_2,0,-1,916.0,1148.0,38,46
4,cam_2,0,-1,901.0,997.5,46,53
5,cam_2,0,-1,2341.5,906.5,19,31
7,cam_2,0,-1,2366.5,894.5,61,33
8,cam_2,0,-1,649.0,1224.0,40,68
8,cam_2,0,-1,2339.0,919.5,10,9
8,cam_2,0,-1,1831.5,866.0,11,10
9,cam_2,0,-1,617.0,1146.5,58,49
10,cam_2,0,-1,2355.5,907.0,37,36
11,cam_2,0,-1,3682.5,2155.0,11,10
11,cam_2,0,-1,618.5,896.0,9,10
11,cam_2,0,-1,3584.5,640.0,31,28
12,cam_2,0,-1,2352.5,909.5,47,39
12,cam_2,0,-1,3585.0,639.5,34,31
13,cam_2,0,-1,3584.0,639.5,30,29
14,cam_2,0,-1,3653.5,1833.5,9,9
14,cam_2,0,-1,3594.5,644.5,11,17
15,cam_2,0,-1,436.5,1240.0,9,10
15,cam_2,0,-1,3587.5,638.0,27,34
16,cam_2,0,-1,3591.5,645.0,15,18
16,cam_2,0,-1,3598.0,628.0,10,10
17,cam_2,0,-1,2602.5,914.0,11,10
17,cam_2,0,-1,2357.5,921.5,49,37
17,cam_2,0,-1,3592.0,630.0,18,18
18,cam_2,0,-1,2344.5,912.5,23,23
19,cam_2,0,-1,2420.5,929.5,13,11
19,cam_2,0,-1,2405.0,923.0,10,10
19,cam_2,0,-1,2357.0,918.0,52,30
20,cam_2,0,-1,2402.5,922.0,11,10
20,cam_2,0,-1,2356.0,914.0,48,32
31,cam_2,0,-1,526.0,1069.0,20,18
31,cam_2,0,-1,2584.5,945.5,11,11
31,cam_2,0,-1,1288.0,4.0,12,8
32,cam_2,0,-1,551.0,1073.0,18,16
32,cam_2,0,-1,1288.0,4.0,12,8
33,cam_2,0,-1,573.0,1074.5,20,25
33,cam_2,0,-1,2583.0,935.0,10,10
34,cam_2,0,-1,2594.0,931.5,12,11
35,cam_2,0,-1,2592.0,931.0,16,12
36,cam_2,0,-1,2595.5,919.0,17,24
36,cam_2,0,-1,3581.0,638.0,46,28
37,cam_2,0,-1,2595.0,923.5,30,35
37,cam_2,0,-1,3581.5,639.0,45,26
38,cam_2,0,-1,2596.5,925.5,33,31
38,cam_2,0,-1,3581.0,638.0,44,26
39,cam_2,0,-1,2596.5,925.5,33,31
39,cam_2,0,-1,3581.0,638.0,44,26
40,cam_2,0,-1,726.0,1129.0,18,22
40,cam_2,0,-1,2595.0,917.0,22,16
40,cam_2,0,-1,3581.0,638.0,44,26
41,cam_2,0,-1,3580.0,637.5,46,25
42,cam_2,0,-1,3079.0,916.5,12,11
42,cam_2,0,-1,3580.5,637.5,45,25
43,cam_2,0,-1,3079.0,916.5,12,11
43,cam_2,0,-1,3580.5,637.5,45,25
44,cam_2,0,-1,760.5,1069.0,21,20
44,cam_2,0,-1,3577.5,637.0,43,24
45,cam_2,0,-1,768.0,1060.0,22,12
45,cam_2,0,-1,3586.0,637.0,26,24
46,cam_2,0,-1,3586.5,637.0,25,24
48,cam_2,0,-1,798.0,1031.0,28,18
49,cam_2,0,-1,814.5,1026.5,21,21
50,cam_2,0,-1,824.0,1020.5,24,25
51,cam_2,0,-1,836.0,1015.5,22,27
51,cam_2,0,-1,2592.0,916.5,22,21
52,cam_2,0,-1,2592.0,915.0,22,18
53,cam_2,0,-1,2453.0,921.5,18,29
53,cam_2,0,-1,2585.0,925.0,48,40
54,cam_2,0,-1,2591.5,914.5,23,19
54,cam_2,0,-1,2452.5,920.5,19,31
55,cam_2,0,-1,2593.0,914.5,10,11
55,cam_2,0,-1,2452.5,919.0,17,30
56,cam_2,0,-1,2450.5,920.5,21,31
57,cam_2,0,-1,2586.5,928.5,51,39
57,cam_2,0,-1,2451.5,921.5,23,35
58,cam_2,0,-1,1562.5,1245.0,19,14
58,cam_2,0,-1,2448.0,928.5,22,29
58,cam_2,0,-1,2586.5,929.0,51,38
59,cam_2,0,-1,2450.5,922.0,17,16
59,cam_2,0,-1,2590.5,929.5,29,37
60,cam_2,0,-1,2453.5,920.5,11,13
60,cam_2,0,-1,2592.0,931.0,32,38
61,cam_2,0,-1,2589.5,931.0,35,38
61,cam_2,0,-1,3584.0,640.5,16,13
62,cam_2,0,-1,2589.5,930.0,35,36
62,cam_2,0,-1,3584.0,640.5,16,13
63,cam_2,0,-1,2592.5,932.5,27,17
63,cam_2,0,-1,3587.5,642.5,23,15
64,cam_2,0,-1,3587.5,642.0,23,16
65,cam_2,0,-1,3587.5,642.0,23,16
66,cam_2,0,-1,3589.0,642.0,26,16
67,cam_2,0,-1,3589.0,642.0,26,16
68,cam_2,0,-1,3589.0,642.5,26,15
69,cam_2,0,-1,3588.5,642.0,25,14
70,cam_2,0,-1,1570.5,1256.0,11,10
70,cam_2,0,-1,3598.0,643.0,16,12
71,cam_2,0,-1,1567.5,1253.5,15,13
71,cam_2,0,-1,3598.0,643.0,16,12
72,cam_2,0,-1,3598.0,643.0,16,12
73,cam_2,0,-1,3591.0,641.5,30,15
92,cam_2,0,-1,1283.5,1074.5,19,17
92,cam_2,0,-1,3098.0,928.0,10,10
92,cam_2,0,-1,2578.0,922.0,58,42
92,cam_2,0,-1,3579.0,635.5,30,23
93,cam_2,0,-1,3091.0,921.5,10,9
93,cam_2,0,-1,3579.0,635.5,30,23
94,cam_2,0,-1,3581.5,635.5,25,23
95,cam_2,0,-1,2584.5,933.0,45,58
95,cam_2,0,-1,3581.5,635.5,25,23
96,cam_2,0,-1,2589.5,933.0,35,58
96,cam_2,0,-1,3581.5,635.5,25,23
96,cam_2,0,-1,3540.0,624.0,14,14
97,cam_2,0,-1,2592.5,923.0,29,38
97,cam_2,0,-1,3581.5,635.5,25,23
98,cam_2,0,-1,2006.0,1297.5,80,43
98,cam_2,0,-1,2590.0,918.5,18,29
98,cam_2,0,-1,3581.5,635.5,25,23
99,cam_2,0,-1,1989.0,1298.0,36,22
99,cam_2,0,-1,2590.0,918.5,18,29
99,cam_2,0,-1,3581.5,635.5,25,23
100,cam_2,0,-1,1985.5,1301.0,39,28
100,cam_2,0,-1,2032.0,1289.5,16,11
100,cam_2,0,-1,2589.0,918.0,16,28
100,cam_2,0,-1,3581.5,635.5,25,23
100,cam_2,0,-1,3537.5,620.5,9,9
101,cam_2,0,-1,2000.0,1298.0,34,22
101,cam_2,0,-1,2032.0,1289.5,16,11
101,cam_2,0,-1,2587.5,916.5,19,31
101,cam_2,0,-1,3581.5,635.5,25,23
101,cam_2,0,-1,3537.5,620.5,9,9
102,cam_2,0,-1,1998.0,1296.5,28,19
102,cam_2,0,-1,2587.5,916.5,19,31
102,cam_2,0,-1,3581.5,635.0,23,22
102,cam_2,0,-1,3537.5,620.5,9,9
103,cam_2,0,-1,1993.0,1296.5,40,21
103,cam_2,0,-1,2591.0,922.0,26,42
103,cam_2,0,-1,3582.0,635.0,24,22
104,cam_2,0,-1,1987.0,1300.5,12,9
104,cam_2,0,-1,2064.5,1282.5,15,13
104,cam_2,0,-1,2590.0,921.5,26,41
104,cam_2,0,-1,3582.0,635.0,24,22
105,cam_2,0,-1,1987.0,1300.5,12,9
105,cam_2,0,-1,2586.0,919.5,24,37
105,cam_2,0,-1,3581.0,635.0,22,22
106,cam_2,0,-1,1987.0,1300.5,12,9
106,cam_2,0,-1,2582.5,921.0,31,40
106,cam_2,0,-1,3581.0,635.0,22,22
107,cam_2,0,-1,1987.0,1300.5,12,9
107,cam_2,0,-1,2068.0,1279.5,10,9
107,cam_2,0,-1,2582.5,921.0,31,42
107,cam_2,0,-1,3585.0,635.0,24,22
108,cam_2,0,-1,2582.5,921.0,31,42
108,cam_2,0,-1,3585.0,635.0,24,22
109,cam_2,0,-1,3675.5,2156.0,11,8
109,cam_2,0,-1,3093.0,930.0,14,14
109,cam_2,0,-1,2582.5,921.0,31,42
109,cam_2,0,-1,3585.0,635.0,24,22
110,cam_2,0,-1,1549.5,1239.0,11,12
110,cam_2,0,-1,3093.0,930.0,14,14
110,cam_2,0,-1,2582.5,920.0,31,44
110,cam_2,0,-1,3585.5,634.5,23,21
111,cam_2,0,-1,1549.5,1239.0,11,12
111,cam_2,0,-1,3092.0,929.5,12,13
111,cam_2,0,-1,2582.5,920.0,31,44
111,cam_2,0,-1,3584.5,635.5,27,21
112,cam_2,0,-1,1549.5,1239.0,11,12
112,cam_2,0,-1,3093.5,931.5,9,9
112,cam_2,0,-1,2586.0,918.0,24,40
112,cam_2,0,-1,3583.5,636.5,29,21
113,cam_2,0,-1,1549.5,1239.0,11,12
113,cam_2,0,-1,2584.0,908.0,14,14
113,cam_2,0,-1,3584.5,637.0,27,20
113,cam_2,0,-1,3537.5,620.5,9,9
114,cam_2,0,-1,1549.5,1239.0,11,12
114,cam_2,0,-1,2051.5,1111.5,15,17
114,cam_2,0,-1,2589.0,928.0,14,14
114,cam_2,0,-1,2582.5,908.0,11,14
114,cam_2,0,-1,3581.0,634.5,22,25
114,cam_2,0,-1,3537.5,620.5,9,9
115,cam_2,0,-1,1549.5,1239.0,11,12
115,cam_2,0,-1,2049.0,1113.5,10,11
115,cam_2,0,-1,2589.0,928.0,14,14
115,cam_2,0,-1,2582.5,908.0,11,14
115,cam_2,0,-1,3581.0,634.5,22,25
115,cam_2,0,-1,3537.5,620.5,9,9
116,cam_2,0,-1,1549.5,1239.0,11,12
116,cam_2,0,-1,2589.0,928.0,14,14
116,cam_2,0,-1,2582.5,908.0,11,14
116,cam_2,0,-1,3581.5,635.5,21,23
117,cam_2,0,-1,1549.5,1239.5,11,11
117,cam_2,0,-1,2585.0,927.5,22,21
117,cam_2,0,-1,3581.5,635.5,21,23
118,cam_2,0,-1,1549.5,1239.5,11,11
118,cam_2,0,-1,3581.5,635.5,21,23
119,cam_2,0,-1,3581.5,636.0,21,22
120,cam_2,0,-1,3581.5,636.0,21,22
121,cam_2,0,-1,2586.5,911.0,19,34
121,cam_2,0,-1,3535.5,619.5,11,9
122,cam_2,0,-1,2587.5,911.0,17,34
122,cam_2,0,-1,3536.5,619.5,9,9
123,cam_2,0,-1,2587.5,911.0,17,34
123,cam_2,0,-1,3536.5,619.5,9,9
154,cam_2,0,-1,2594.0,921.5,38,61
155,cam_2,0,-1,1996.0,1293.5,20,15
156,cam_2,0,-1,1999.5,1297.0,11,10
156,cam_2,0,-1,2016.0,1293.5,18,13
156,cam_2,0,-1,2589.5,908.5,25,31
157,cam_2,0,-1,2592.0,919.5,28,53
158,cam_2,0,-1,2842.5,1191.5,9,11
160,cam_2,0,-1,2046.0,1286.0,12,10
164,cam_2,0,-1,2133.0,1149.0,44,36
171,cam_2,0,-1,2133.5,1147.5,43,41
217,cam_2,0,-1,2136.5,902.0,21,18
218,cam_2,0,-1,2135.5,902.5,23,17
219,cam_2,0,-1,2135.5,902.5,23,17
220,cam_2,0,-1,2135.5,902.5,23,17
248,cam_2,0,-1,3057.5,1140.5,15,11
251,cam_2,0,-1,3057.5,1140.5,15,11
252,cam_2,0,-1,3057.5,1140.5,15,11
253,cam_2,0,-1,3057.5,1140.5,15,11
254,cam_2,0,-1,3057.5,1140.5,15,11
255,cam_2,0,-1,3057.5,1140.5,15,11
256,cam_2,0,-1,3057.5,1140.5,15,11
257,cam_2,0,-1,3057.5,1140.5,15,11
258,cam_2,0,-1,3057.5,1140.5,15,11
259,cam_2,0,-1,3057.5,1140.5,15,11
259,cam_2,0,-1,2585.5,935.5,13,17
260,cam_2,0,-1,3057.5,1140.5,15,11
260,cam_2,0,-1,2583.5,915.5,25,41
261,cam_2,0,-1,3055.0,1138.5,20,15
262,cam_2,0,-1,3055.0,1138.5,20,15
263,cam_2,0,-1,3055.0,1138.5,20,15
264,cam_2,0,-1,3055.0,1138.5,20,15
265,cam_2,0,-1,3055.0,1138.5,20,15
266,cam_2,0,-1,3055.0,1138.5,20,15
272,cam_2,0,-1,3568.0,633.5,56,29
273,cam_2,0,-1,3545.5,624.0,11,10
279,cam_2,0,-1,221.5,1598.0,11,10
296,cam_2,0,-1,329.5,1617.5,9,9
296,cam_2,0,-1,613.5,884.5,9,9
297,cam_2,0,-1,329.5,1617.5,9,9
298,cam_2,0,-1,329.5,1617.5,9,9
299,cam_2,0,-1,329.5,1617.5,9,9
300,cam_2,0,-1,329.5,1617.5,9,9
301,cam_2,0,-1,329.5,1617.5,9,9
302,cam_2,0,-1,329.5,1617.5,9,9
303,cam_2,0,-1,329.5,1617.5,9,9
304,cam_2,0,-1,329.5,1617.5,9,9
311,cam_2,0,-1,2587.0,918.0,22,46
312,cam_2,0,-1,2588.0,918.0,20,46
313,cam_2,0,-1,2588.0,918.0,20,46
314,cam_2,0,-1,2588.0,918.0,20,46
315,cam_2,0,-1,2588.0,911.5,20,33
315,cam_2,0,-1,3538.0,619.5,12,11
316,cam_2,0,-1,2588.0,911.5,20,33
317,cam_2,0,-1,2588.0,911.5,20,33
318,cam_2,0,-1,2588.0,911.5,20,33
318,cam_2,0,-1,3539.0,618.5,10,9
319,cam_2,0,-1,2223.0,847.0,16,32
319,cam_2,0,-1,3539.0,618.5,10,9
320,cam_2,0,-1,2588.0,918.0,20,46
321,cam_2,0,-1,2588.0,918.0,20,46
324,cam_2,0,-1,2581.0,915.5,34,41
325,cam_2,0,-1,2581.0,916.0,34,40
326,cam_2,0,-1,2581.0,916.0,34,40
327,cam_2,0,-1,2580.5,916.0,35,40
328,cam_2,0,-1,2580.5,914.5,35,43
329,cam_2,0,-1,3057.5,1142.0,9,10
336,cam_2,0,-1,3567.0,632.0,60,32
337,cam_2,0,-1,3568.0,632.0,62,32
338,cam_2,0,-1,3568.0,632.0,62,32
339,cam_2,0,-1,3039.0,1129.5,12,13
339,cam_2,0,-1,3568.0,632.0,62,32
340,cam_2,0,-1,3568.0,632.0,62,32
341,cam_2,0,-1,3570.0,633.5,66,35
342,cam_2,0,-1,3570.0,633.5,66,35
343,cam_2,0,-1,3570.0,633.5,66,35
344,cam_2,0,-1,3570.0,633.5,66,35
345,cam_2,0,-1,3570.0,633.5,66,35
346,cam_2,0,-1,3570.0,633.5,66,35
347,cam_2,0,-1,3569.5,633.5,67,35
348,cam_2,0,-1,3569.5,633.5,67,35
349,cam_2,0,-1,3569.5,633.5,67,35
350,cam_2,0,-1,3569.5,633.5,67,35
353,cam_2,0,-1,3567.5,633.0,63,34
354,cam_2,0,-1,3566.5,632.0,61,32
355,cam_2,0,-1,3567.0,632.0,60,32
356,cam_2,0,-1,2767.0,1438.0,38,38
361,cam_2,0,-1,2131.5,897.0,59,40
361,cam_2,0,-1,3567.0,632.0,60,32
363,cam_2,0,-1,3567.0,632.0,60,32
364,cam_2,0,-1,2855.0,1212.5,28,27
364,cam_2,0,-1,3566.5,631.5,59,31
365,cam_2,0,-1,3809.5,2050.0,25,16
366,cam_2,0,-1,3785.5,2064.0,21,14
366,cam_2,0,-1,2146.0,900.5,18,25
367,cam_2,0,-1,3784.5,2065.0,23,16
367,cam_2,0,-1,3809.5,2052.0,25,16
367,cam_2,0,-1,2832.5,1215.5,29,25
367,cam_2,0,-1,2146.0,900.5,18,25
368,cam_2,0,-1,2146.0,900.5,18,25
369,cam_2,0,-1,3810.5,2053.0,27,14
369,cam_2,0,-1,2146.0,900.5,18,25
370,cam_2,0,-1,2146.0,900.5,18,25
370,cam_2,0,-1,3567.5,631.5,57,31
371,cam_2,0,-1,3816.0,2056.0,38,20
371,cam_2,0,-1,2149.0,894.0,12,12
372,cam_2,0,-1,3801.5,2058.5,9,9
372,cam_2,0,-1,2391.5,1388.0,37,28
372,cam_2,0,-1,2149.0,894.0,12,12
372,cam_2,0,-1,3579.5,635.0,33,24
373,cam_2,0,-1,2340.0,1379.5,42,63
373,cam_2,0,-1,2149.0,894.0,12,12
373,cam_2,0,-1,3579.5,635.0,33,24
374,cam_2,0,-1,3802.0,2062.5,12,11
374,cam_2,0,-1,2148.5,900.5,9,9
375,cam_2,0,-1,2148.5,900.5,9,9
376,cam_2,0,-1,2148.5,900.5,9,9
377,cam_2,0,-1,2148.5,900.5,9,9
382,cam_2,0,-1,2629.5,1231.0,25,28
383,cam_2,0,-1,2603.0,1257.5,24,29
384,cam_2,0,-1,2596.5,1247.5,37,29
385,cam_2,0,-1,2591.5,1233.5,47,31
386,cam_2,0,-1,2575.5,1219.0,31,28
386,cam_2,0,-1,2147.0,893.0,24,24
387,cam_2,0,-1,2147.0,893.0,24,24
388,cam_2,0,-1,2147.0,893.0,24,24
389,cam_2,0,-1,2146.0,891.0,22,20
390,cam_2,0,-1,2146.0,891.5,22,21
391,cam_2,0,-1,2146.0,891.5,22,21
392,cam_2,0,-1,3836.0,2029.5,8,15
392,cam_2,0,-1,2138.5,885.5,37,33
393,cam_2,0,-1,2138.5,885.5,37,33
394,cam_2,0,-1,2138.5,885.5,37,33
395,cam_2,0,-1,2138.5,885.5,37,33
402,cam_2,0,-1,2139.5,888.0,49,38
407,cam_2,0,-1,3837.0,2032.0,6,10
408,cam_2,0,-1,1555.5,1334.5,23,39
409,cam_2,0,-1,2083.0,1271.5,36,35
416,cam_2,0,-1,2056.5,1118.0,13,12
417,cam_2,0,-1,2056.5,1118.0,13,12
417,cam_2,0,-1,2132.5,905.0,49,42
418,cam_2,0,-1,2133.5,905.0,47,42
419,cam_2,0,-1,2134.0,905.0,48,42
420,cam_2,0,-1,2133.5,905.0,47,42
421,cam_2,0,-1,2035.5,1283.5,23,11
421,cam_2,0,-1,2133.5,904.5,47,43
422,cam_2,0,-1,2040.5,1283.0,15,12
422,cam_2,0,-1,2133.0,904.5,46,43
423,cam_2,0,-1,2040.0,1283.5,14,11
423,cam_2,0,-1,2134.5,904.5,49,43
424,cam_2,0,-1,3543.5,632.5,9,9
425,cam_2,0,-1,3543.5,632.5,9,9
426,cam_2,0,-1,3795.5,2060.0,13,10
426,cam_2,0,-1,3194.0,1694.5,10,9
427,cam_2,0,-1,3194.0,1694.5,10,9
427,cam_2,0,-1,1557.0,1322.0,28,26
428,cam_2,0,-1,3194.0,1694.5,10,9
429,cam_2,0,-1,3194.0,1694.5,10,9
429,cam_2,0,-1,1513.5,1281.5,29,33
430,cam_2,0,-1,3194.0,1694.5,10,9
431,cam_2,0,-1,3194.0,1694.5,10,9
432,cam_2,0,-1,3194.0,1694.5,10,9
433,cam_2,0,-1,3194.0,1694.5,10,9
434,cam_2,0,-1,3194.0,1694.5,10,9
435,cam_2,0,-1,3194.0,1694.5,10,9
436,cam_2,0,-1,3194.0,1694.5,10,9
437,cam_2,0,-1,3194.0,1694.5,10,9
438,cam_2,0,-1,3194.0,1694.5,10,9
439,cam_2,0,-1,3194.0,1694.5,10,9
440,cam_2,0,-1,3194.0,1694.5,10,9
441,cam_2,0,-1,3194.0,1694.5,10,9
442,cam_2,0,-1,3194.0,1694.5,10,9
443,cam_2,0,-1,3194.0,1694.5,10,9
444,cam_2,0,-1,3194.0,1694.5,10,9
445,cam_2,0,-1,3194.0,1694.5,10,9
446,cam_2,0,-1,3194.0,1694.5,10,9
447,cam_2,0,-1,3194.0,1694.5,10,9
448,cam_2,0,-1,892.0,1286.0,20,22
448,cam_2,0,-1,1846.5,962.0,9,10
449,cam_2,0,-1,859.5,1310.5,23,27
449,cam_2,0,-1,1846.5,962.0,9,10
450,cam_2,0,-1,1846.5,962.0,9,10
468,cam_2,0,-1,727.0,963.0,22,26
470,cam_2,0,-1,754.0,935.0,20,24
471,cam_2,0,-1,764.5,925.0,25,20
474,cam_2,0,-1,803.5,904.5,23,19
491,cam_2,0,-1,2584.5,924.0,43,54
492,cam_2,0,-1,2584.0,922.5,40,53
492,cam_2,0,-1,3568.0,632.0,56,28
495,cam_2,0,-1,3568.0,632.0,56,28
496,cam_2,0,-1,3568.0,632.0,56,28
497,cam_2,0,-1,3568.0,632.5,56,29
498,cam_2,0,-1,3568.0,632.5,56,29
499,cam_2,0,-1,3568.0,632.5,56,29
500,cam_2,0,-1,3568.0,632.5,56,29
501,cam_2,0,-1,3568.0,632.5,56,29
523,cam_2,0,-1,2575.5,927.5,41,65
524,cam_2,0,-1,3537.5,617.5,9,9
